-- phpMyAdmin SQL Dump
-- version 5.1.1
-- https://www.phpmyadmin.net/
--
-- Host: 127.0.0.1:3306
-- Generation Time: Feb 18, 2024 at 10:06 AM
-- Server version: 5.7.36
-- PHP Version: 8.0.13

SET SQL_MODE = "NO_AUTO_VALUE_ON_ZERO";
START TRANSACTION;
SET time_zone = "+00:00";


/*!40101 SET @OLD_CHARACTER_SET_CLIENT=@@CHARACTER_SET_CLIENT */;
/*!40101 SET @OLD_CHARACTER_SET_RESULTS=@@CHARACTER_SET_RESULTS */;
/*!40101 SET @OLD_COLLATION_CONNECTION=@@COLLATION_CONNECTION */;
/*!40101 SET NAMES utf8mb4 */;

--
-- Database: `olms`
--

-- --------------------------------------------------------

--
-- Table structure for table `admin`
--

DROP TABLE IF EXISTS `admin`;
CREATE TABLE IF NOT EXISTS `admin` (
  `id` int(11) NOT NULL AUTO_INCREMENT,
  `FullName` varchar(100) DEFAULT NULL,
  `AdminEmail` varchar(120) DEFAULT NULL,
  `UserName` varchar(100) NOT NULL,
  `Password` varchar(100) NOT NULL,
  `updationDate` timestamp NOT NULL DEFAULT '0000-00-00 00:00:00' ON UPDATE CURRENT_TIMESTAMP,
  PRIMARY KEY (`id`)
) ENGINE=InnoDB AUTO_INCREMENT=2 DEFAULT CHARSET=latin1;

--
-- Dumping data for table `admin`
--

INSERT INTO `admin` (`id`, `FullName`, `AdminEmail`, `UserName`, `Password`, `updationDate`) VALUES
(1, 'Admin', 'admin@gmail.com', 'admin', 'e6e061838856bf47e1de730719fb2609', '2024-02-18 09:25:46');

-- --------------------------------------------------------

--
-- Table structure for table `tblauthors`
--

DROP TABLE IF EXISTS `tblauthors`;
CREATE TABLE IF NOT EXISTS `tblauthors` (
  `id` int(11) NOT NULL AUTO_INCREMENT,
  `AuthorName` varchar(159) DEFAULT NULL,
  `creationDate` timestamp NULL DEFAULT CURRENT_TIMESTAMP,
  `UpdationDate` timestamp NULL DEFAULT NULL ON UPDATE CURRENT_TIMESTAMP,
  PRIMARY KEY (`id`)
) ENGINE=InnoDB AUTO_INCREMENT=11 DEFAULT CHARSET=latin1;

--
-- Dumping data for table `tblauthors`
--

INSERT INTO `tblauthors` (`id`, `AuthorName`, `creationDate`, `UpdationDate`) VALUES
(10, 'McChris', '2024-02-14 21:32:29', NULL);

-- --------------------------------------------------------

--
-- Table structure for table `tblbooks`
--

DROP TABLE IF EXISTS `tblbooks`;
CREATE TABLE IF NOT EXISTS `tblbooks` (
  `id` int(11) NOT NULL AUTO_INCREMENT,
  `BookName` varchar(255) DEFAULT NULL,
  `CatId` int(11) DEFAULT NULL,
  `AuthorId` int(11) DEFAULT NULL,
  `ISBNNumber` int(11) DEFAULT NULL,
  `BookPrice` int(11) DEFAULT NULL,
  `RegDate` timestamp NULL DEFAULT CURRENT_TIMESTAMP,
  `UpdationDate` timestamp NULL DEFAULT NULL ON UPDATE CURRENT_TIMESTAMP,
  PRIMARY KEY (`id`)
) ENGINE=InnoDB AUTO_INCREMENT=5 DEFAULT CHARSET=latin1;

--
-- Dumping data for table `tblbooks`
--

INSERT INTO `tblbooks` (`id`, `BookName`, `CatId`, `AuthorId`, `ISBNNumber`, `BookPrice`, `RegDate`, `UpdationDate`) VALUES
(1, 'PHP And MySql programming', 5, 1, 222333, 20, '2017-07-08 20:04:55', '2017-07-15 05:54:41'),
(3, 'physics', 6, 4, 1111, 15, '2017-07-08 20:17:31', '2017-07-15 06:13:17'),
(4, 'Code like pro', 5, 10, 123321, 0, '2024-02-14 21:33:29', NULL);

-- --------------------------------------------------------

--
-- Table structure for table `tblcategory`
--

DROP TABLE IF EXISTS `tblcategory`;
CREATE TABLE IF NOT EXISTS `tblcategory` (
  `id` int(11) NOT NULL AUTO_INCREMENT,
  `CategoryName` varchar(150) DEFAULT NULL,
  `Status` int(1) DEFAULT NULL,
  `CreationDate` timestamp NULL DEFAULT CURRENT_TIMESTAMP,
  `UpdationDate` timestamp NULL DEFAULT CURRENT_TIMESTAMP,
  PRIMARY KEY (`id`)
) ENGINE=InnoDB AUTO_INCREMENT=9 DEFAULT CHARSET=latin1;

--
-- Dumping data for table `tblcategory`
--

INSERT INTO `tblcategory` (`id`, `CategoryName`, `Status`, `CreationDate`, `UpdationDate`) VALUES
(4, 'Romantic', 1, '2017-07-04 18:35:25', '2017-07-06 16:00:42'),
(5, 'Technology', 1, '2017-07-04 18:35:39', '2017-07-08 17:13:03'),
(6, 'Science', 1, '2017-07-04 18:35:55', '0000-00-00 00:00:00'),
(7, 'Management', 0, '2017-07-04 18:36:16', '0000-00-00 00:00:00'),
(8, 'Finance books', 1, '2024-02-14 21:12:33', '2024-02-14 21:12:33');

-- --------------------------------------------------------

--
-- Table structure for table `tblissuedbookdetails`
--

DROP TABLE IF EXISTS `tblissuedbookdetails`;
CREATE TABLE IF NOT EXISTS `tblissuedbookdetails` (
  `id` int(11) NOT NULL AUTO_INCREMENT,
  `BookId` int(11) DEFAULT NULL,
  `StudentID` varchar(150) DEFAULT NULL,
  `IssuesDate` timestamp NULL DEFAULT CURRENT_TIMESTAMP,
  `ReturnDate` timestamp NULL DEFAULT NULL ON UPDATE CURRENT_TIMESTAMP,
  `RetrunStatus` int(1) DEFAULT '0',
  `fine` int(11) DEFAULT NULL,
  PRIMARY KEY (`id`)
) ENGINE=InnoDB AUTO_INCREMENT=11 DEFAULT CHARSET=latin1;

--
-- Dumping data for table `tblissuedbookdetails`
--

INSERT INTO `tblissuedbookdetails` (`id`, `BookId`, `StudentID`, `IssuesDate`, `ReturnDate`, `RetrunStatus`, `fine`) VALUES
(1, 1, 'SID002', '2017-07-15 06:09:47', '2017-07-15 11:15:20', 1, 0),
(2, 1, 'SID002', '2017-07-15 06:12:27', '2017-07-15 11:15:23', 1, 5),
(3, 3, 'SID002', '2017-07-15 06:13:40', '2024-02-14 21:34:15', 1, 0),
(4, 3, 'SID002', '2017-07-15 06:23:23', '2017-07-15 11:22:29', 1, 2),
(5, 1, 'SID009', '2017-07-15 10:59:26', NULL, 0, NULL),
(6, 3, 'SID011', '2017-07-15 18:02:55', NULL, 0, NULL),
(7, 4, 'SID010', '2024-02-14 21:37:47', '2024-02-14 21:38:32', 1, 0),
(8, 4, 'SID010', '2024-02-14 21:39:37', NULL, NULL, NULL),
(9, 4, 'SID012', '2024-02-14 21:46:30', '2024-02-14 21:48:52', 1, 0),
(10, 4, 'SID012', '2024-02-14 21:50:03', '2024-02-14 21:53:36', 1, 0);

-- --------------------------------------------------------

--
-- Table structure for table `tblstudents`
--

DROP TABLE IF EXISTS `tblstudents`;
CREATE TABLE IF NOT EXISTS `tblstudents` (
  `id` int(11) NOT NULL AUTO_INCREMENT,
  `StudentId` varchar(100) DEFAULT NULL,
  `FullName` varchar(120) DEFAULT NULL,
  `EmailId` varchar(120) DEFAULT NULL,
  `MobileNumber` char(11) DEFAULT NULL,
  `Password` varchar(120) DEFAULT NULL,
  `Status` int(1) DEFAULT NULL,
  `RegDate` timestamp NULL DEFAULT CURRENT_TIMESTAMP,
  `UpdationDate` timestamp NULL DEFAULT NULL ON UPDATE CURRENT_TIMESTAMP,
  PRIMARY KEY (`id`),
  UNIQUE KEY `StudentId` (`StudentId`)
) ENGINE=InnoDB AUTO_INCREMENT=12 DEFAULT CHARSET=latin1;

--
-- Dumping data for table `tblstudents`
--

INSERT INTO `tblstudents` (`id`, `StudentId`, `FullName`, `EmailId`, `MobileNumber`, `Password`, `Status`, `RegDate`, `UpdationDate`) VALUES
(9, 'SID010', 'Amit', 'amit@gmail.com', '8585856224', 'f925916e2754e5e03f75dd58a5733251', 1, '2017-07-15 13:40:30', NULL),
(11, 'SID012', 'Natuhwera', 'natu@gmail.com', '0773637000', '29d8fbcf628f7f15d6b3d75e78c4b33f', 1, '2024-02-14 21:41:20', NULL);
COMMIT;

/*!40101 SET CHARACTER_SET_CLIENT=@OLD_CHARACTER_SET_CLIENT */;
/*!40101 SET CHARACTER_SET_RESULTS=@OLD_CHARACTER_SET_RESULTS */;
/*!40101 SET COLLATION_CONNECTION=@OLD_COLLATION_CONNECTION */;
